prawn,squid,0.3377
black tea,ginger,0.1051
berry,blackberry,0.1712
clove,fig,0.1691
lemon balm,lime,0.1238
parsley,snail,0.1999
camembert cheese,cream,0.1133
blueberry,pectin,0.1522
cheese,macaroni,0.1993
apple brandy,lemon,0.0629
lemon,striped bass,0.1658
cake,strawberry,0.2081
flour,margarine,0.1706
lingonberry,milk,0.1016
cinnamon,trail mix,0.0666
marjoram,summer savory,0.3913
mozzarella cheese,provolone cheese,0.2736
pigeon pea,water,0.1395
allspice,cinnamon,0.4031
okra,rice,0.1965
conch,jalapeno,0.1984
carrot,leek,0.2731
pectin,strawberry,0.2404
grouper,lemon,0.0709
honey,whey,0.0840
apple,kohlrabi,0.0728
buttermilk,waffle,0.1446
amaranth,leek,0.1426
garlic,rapini,0.1041
basil,oregano,0.5151
raisin,sorghum,0.1308
apple,pancake,0.0824
anise,sugar,0.0529
basmati rice,saffron,0.3949
cherry brandy,cocoa powder,0.1138
butter,raisin bread,0.0794
dumpling,flour,0.0853
cinnamon,whey,0.0775
honey,raisin bread,0.0425
clove,star anise,0.3117
carrot,yellow zucchini,0.0949
goat cheese,phyllo dough,0.1757
buttermilk,sugar,0.1430
carrot,squab,0.1264
fruit juice,mango,0.1121
shrimp,white wine,0.2193
cake,ice cream,0.1871
dumpling,leek,0.1956
cheese,meat,0.1916
pear,pomegranate,0.2048
cardamom,mutton,0.3437
melon,strawberry,0.2119
flour,smelt,0.0638
arrowroot,madeira wine,0.2642
buttermilk,shortening,0.2230
curry leaf,mutton,0.3939
comte cheese,pepper,0.0435
feta cheese,quinoa,0.2038
orange oil,sugar,0.0515
garlic,lovage,0.0466
rosemary,wine,0.1381
blueberry,raspberry,0.4742
corn,cumin,0.2377
buttermilk,flour,0.1674
catfish,lime,0.1258
cherry tomato,green zucchini,0.1430
grape,pear,0.2839
kombu,tofu,0.2525
leek,parsnip,0.3223
leek,sake,0.2896
crab,okra,0.2376
almond,brazil nut,0.1882
basmati rice,cardamom,0.2742
jalapeno,mexican oregano,0.2882
anise,raisin,0.0817
fruit preserve,vanilla,0.1255
banana,guava,0.0899
corn,tortilla chip,0.2403
clam,fish,0.2783
dill,mint,0.2447
pepper,potato,0.1822
summer savory,white wine,0.1111
gruyere cheese,multigrain bread,0.2310
buffalo,celery,0.1033
mushroom,rose wine,0.0988
hamburger,mustard,0.2275
celery,grouper,0.0785
allspice,cardamom,0.2820
cinnamon,ginger,0.2457
celery,kohlrabi,0.1100
lemon,lemon balm,0.1137
kumquat,star anise,0.2082
celery,onion,0.3034
rosemary,thyme,0.4534
cottage cheese,mozzarella cheese,0.3041
clam,kombu,0.2632
mushroom,water chestnut,0.2017
molasses,soybean,0.0907
butter,squab,0.0175
lingonberry,water,0.0466
cheese,ham,0.2116
candy bar,cocoa powder,0.1172
conch,tomato,0.1695
rice cake,sake,0.2142
soybean oil,white pepper,0.1330
hot dog,ketchup,0.2607
chive,shallot,0.2312
clam,squid,0.3590
poppy seed,swiss cheese,0.2180
cassia,onion,0.0442
blueberry,red raspberry,0.2368
papaya,pineapple,0.4065
rhubarb,sugar,0.1539
artichoke,lemon,0.3015
apple cider vinegar,kohlrabi,0.1906
honey,quince,0.0940
ham,provolone cheese,0.2550
ginger,star anise,0.2651
cherry tomato,yellow zucchini,0.1353
cucumber,purslane,0.1702
clove,pumpkin,0.2805
cucumber,mint,0.2356
basmati rice,pistachio,0.2615
basil,marjoram,0.3243
banana,persimmon,0.0597
celery,potato,0.2259
dill,sorrel,0.2041
epazote,tortilla,0.2617
pepper,sockeye salmon,0.0405
avocado,roquefort cheese,0.1770
raspberry,sparkling wine,0.1984
pepper,thyme,0.1584
basil,rosemary,0.2711
clove,sorrel,0.1182
allspice,anise,0.2034
margarine,trail mix,0.1186
scallop,white wine,0.2589
ketchup,molasses,0.2917
bulgur,chickpea,0.2784
cauliflower,nigella seed,0.1946
potato,squirrel,0.2051
marjoram,wine,0.1457
lamb,turmeric,0.2493
clove,sorghum,0.1922
milk,red raspberry,0.0115
onion,orange roughy,0.0180
basil,ravioli,0.1261
dumpling,nutmeg,0.0501
kohlrabi,potato,0.1106
trail mix,vanilla,0.0806
plum,raspberry,0.1908
buffalo,chicken,0.1208
buttermilk,candy bar,0.0670
gruyere cheese,nutmeg,0.2191
cabbage,rutabaga,0.2176
plum brandy,sugar,0.0587
orange oil,vanilla,0.0498
cocoa powder,dulce de leche,0.1369
nutmeg,winter squash,0.1336
beef,wine,0.2053
coconut,guava,0.2028
jerusalem artichoke,turnip,0.2284
apple,quince,0.1375
cinnamon,mace,0.2497
crab,prawn,0.2029
brandy,mace,0.2534
kelp,onion,0.0049
brussels sprout,chestnut,0.3331
cranberry,walnut,0.2043
anise,ginger,0.1350
amaranth,quinoa,0.3341
fudge,vanilla,0.1045
saffron,white wine,0.2293
cherry pepper,provolone cheese,0.3510
grouper,onion,0.0717
peanut butter,waffle,0.1048
brazil nut,walnut,0.1444
roquefort cheese,shallot,0.1729
beetroot,lettuce,0.1292
lemon,quince,0.1288
celery,crayfish,0.1566
cocoa,coffee,0.2298
ricotta cheese,spinach,0.2378
filbert,sugar,0.0551
thyme,wine,0.1284
banana,whey,0.1469
lovage,turmeric,0.1939
striped bass,thyme,0.1442
lobster,scallop,0.2750
carrot,kohlrabi,0.1989
caviar,salmon,0.2345
jerusalem artichoke,parsley,0.1130
garlic,pheasant,0.0389
pate,sugar,0.0286
cucumber,kefir,0.1119
cream cheese,guava,0.0196
madeira wine,truffle,0.3864
apricot,grape,0.1807
chive,dill,0.2290
bagel,tomato,0.1109
swordfish,tomato,0.1305
cumin,mexican oregano,0.3349
cumin,oregano,0.3366
agave,cranberry,0.1672
fish,scallop,0.2576
cheddar cheese,tortilla chip,0.2512
shallot,white wine,0.2324
blackberry,red currant,0.3816
cream cheese,ice cream cone,0.0708
lime,prickly pear,0.1970
apple brandy,cinnamon,0.0510
coconut,macadamia nut,0.2457
clove,ghee,0.2953
cuttlefish,parsley,0.1574
allspice,nutmeg,0.3751
blueberry,waffle,0.1693
pheasant,wild rice,0.2798
parmesan cheese,ricotta cheese,0.3296
cherry brandy,vodka,0.2474
canola oil,pink salmon,0.0795
basil,green zucchini,0.1541
couscous,turnip,0.2333
kumquat,tangerine,0.3584
sake,wasabi,0.2923
banana,pudding,0.2125
buttermilk,pancake,0.0659
corn,soybean,0.1294
mung bean,turmeric,0.3481
celery,cornbread,0.2950
icing,marzipan,0.3531
chili,hot dog,0.2713
salt,soybean oil,0.0090
leek,winter squash,0.1934
flour,sugar,0.1967
pasta,swordfish,0.1580
kohlrabi,thyme,0.1105
peanut oil,striped bass,0.1918
lemon,pate,0.1120
feta cheese,hummus,0.3403
marzipan,rum,0.2297
macadamia nut,mango,0.2393
fruit juice,vinegar,0.0537
sorghum,vanilla,0.0403
dulce de leche,gelatin,0.1700
barley,celery,0.2359
apricot,pineapple,0.1811
brandy,rose wine,0.1754
clove,fruit juice,0.1052
ginger,turmeric,0.2920
carrot,winter savory,0.1119
currant,nutmeg,0.2156
ice cream cone,raisin,0.1030
cinnamon,gooseberry,0.0607
leek,sorrel,0.2054
garlic,grouper,0.1068
sage,turkey,0.2658
dill,parsley,0.2118
fig,mace,0.2232
summer savory,thyme,0.2373
red raspberry,sugar,0.0463
adzuki bean,carrot,0.0937
grouper,tomato,0.1555
syrup,waffle,0.2760
chickpea,yellow zucchini,0.1946
kombu,squid,0.2452
cashew nut,turmeric,0.2314
deer,pepper,0.0896
almond,amaranth,0.1733
red rice,water,0.1130
mustard oil,turmeric,0.3197
chickpea,soy yogurt,0.1893
allspice,cider,0.2145
cabbage,soybean,0.1020
adzuki bean,leek,0.1529
barley,millet,0.3448
albacore tuna,basil,0.0781
roquefort cheese,salad dressing,0.1788
clam,shrimp,0.3055
capsicum,tomato,0.1892
icing,marshmallow,0.2506
amaranth,water,0.0735
ravioli,walnut,0.1226
endive,grapefruit,0.2368
fish,squid,0.2235
guava,lemon,0.0444
gooseberry,sugar,0.0842
cheese,tortilla,0.2720
cider,currant,0.3060
cherry tomato,swordfish,0.1809
garlic,soybean oil,0.0702
clove,ginger,0.3636
basil,parsley,0.2534
kale,winter squash,0.1445
phyllo dough,spinach,0.1748
chickpea,cumin,0.2450
sugar,vanilla,0.2566
biscuit,chocolate,0.1736
quail,sage,0.1483
couscous,quince,0.2049
parsley,pheasant,0.0990
apricot,cherry,0.2899
clam,white wine,0.2832
celery,squirrel,0.1256
black currant,lemon,0.0472
bartlett pear,roquefort cheese,0.3342
nutmeg,scotch whisky,0.0441
gooseberry,nutmeg,0.0755
brandy,pate,0.1886
parsley,summer savory,0.1379
berry,fruit juice,0.2659
cabbage,carrot,0.3037
cream,truffle,0.1374
agar,sugar,0.0566
capsicum,chili,0.3167
celery,dumpling,0.1539
nutmeg,soy yogurt,0.0790
haddock,lemon,0.1228
ravioli,shallot,0.0762
chili,tamale,0.3103
flour,trail mix,0.0401
rainbow trout,tomato,0.0264
quince,raisin,0.1262
port wine,truffle,0.2637
phyllo dough,ricotta cheese,0.1845
amaranth,cinnamon,0.0286
beef,soup,0.1825
candy bar,cream cheese,0.0643
dill,tarragon,0.2302
relish,rye bread,0.2282
millet,tofu,0.2136
rice,soup,0.1605
cake,meringue,0.3049
condensed milk,evaporated milk,0.2351
camembert cheese,ham,0.1165
leek,sweetcorn,0.1443
curry leaf,yam,0.1588
ketchup,soybean,0.0718
sweet potato,winter squash,0.1356
basmati rice,turmeric,0.3476
rosemary,summer savory,0.2413
cinnamon,molasses,0.2397
mustard oil,yogurt,0.3003
guava,papaya,0.3334
cabbage,dumpling,0.1853
apple brandy,raisin,0.0698
guava,mango,0.2312
margarine,soy yogurt,0.1203
jerusalem artichoke,mushroom,0.0962
kombu,vinegar,0.2153
cheddar cheese,haddock,0.1173
nutmeg,sorghum,0.0644
lemon balm,water,0.0217
avocado,multigrain bread,0.1760
oregano,summer savory,0.1923
plum wine,sugar,0.0178
lemon,orange,0.2649
albacore tuna,cucumber,0.0746
lobster,white wine,0.2476
swordfish,white wine,0.1385
cardamom,cinnamon,0.2829
pistachio,saffron,0.2662
onion,potato,0.2586
fig,raisin,0.1715
rose wine,water,0.0380
eggplant,tomato,0.2277
butternut squash,kale,0.2294
haddock,potato,0.1950
plum,plum wine,0.4222
mint,pomegranate,0.2156
garlic,ginger,0.1863
deer,onion,0.1008
bluefish,tomato,0.1142
rainbow trout,shallot,0.1433
clove,curry leaf,0.2797
meringue,sugar,0.0870
fruit preserve,sugar,0.0395
banana,pancake,0.1089
candy bar,ice cream,0.3175
dumpling,shallot,0.0470
cheddar cheese,soup,0.1647
flour,shortening,0.2719
butter,milk,0.1758
pepper,rose wine,0.0155
haddock,white wine,0.1301
blueberry,melon,0.1525
ham,swiss cheese,0.3506
chayote,shallot,0.0740
honey,melon,0.0980
saffron,turmeric,0.2879
sorrel,watercress,0.2590
water chestnut,wonton wrapper,0.3370
cream cheese,raisin bread,0.0792
rutabaga,yam,0.2779
marjoram,thyme,0.4434
celery,multigrain bread,0.0590
lamb,rosemary,0.2304
parsley,thyme,0.2700
flour,nutmeg,0.1776
honey,spelt,0.0987
cornbread,sage,0.4239
allspice,ginger,0.2589
peanut,peanut butter,0.3778
flour,fruit preserve,0.0164
curry leaf,fish,0.2187
haddock,saffron,0.2504
cherry brandy,cream,0.1303
eggplant,mozzarella cheese,0.2272
pectin,raspberry,0.2326
haddock,parsley,0.1221
cinnamon,sugar,0.1794
cucumber,kohlrabi,0.0886
cassava,potato,0.1133
black tea,water,0.0846
caviar,chervil,0.3837
carrot,potato,0.3126
miso,pork,0.3202
grape,melon,0.3651
melon,pineapple,0.2917
parmesan cheese,soybean oil,0.0010
cabbage,potato,0.2147
fruit juice,pineapple,0.1774
spearmint,tomato,0.0585
red rice,salt,0.0152
oregano,yellow zucchini,0.1591
ravioli,ricotta cheese,0.1714
soybean oil,tomato,0.0371
cherry brandy,orange,0.1117
cheese,lettuce,0.2353
fig,pistachio,0.1621
butter,snail,0.0884
ginger,soy yogurt,0.0807
plum wine,sake,0.2378
pasta,sweetcorn,0.1898
fish,prawn,0.2402
miso,soup,0.1893
milk,orange oil,0.0117
poppy seed,sesame,0.2110
chestnut,syrup,0.2363
avocado,chayote,0.1408
grape,pomegranate,0.2283
pigeon pea,thyme,0.1956
horseradish,mustard,0.2444
mutton,saffron,0.3394
conch,ketchup,0.1453
basil,sorrel,0.0843
curry leaf,ghee,0.4069
cassava,onion,0.0614
amaranth,garlic,0.0288
cucumber,multigrain bread,0.0935
lime,spearmint,0.1157
raisin bread,walnut,0.1176
mulberry,sugar,0.1032
coriander,ghee,0.2832
pork,sake,0.3826
berry,yogurt,0.1976
couscous,currant,0.2716
cocoa,sugar,0.1803
cocoa butter,cocoa powder,0.1768
gelatin,pudding,0.1576
red wine,squab,0.2574
pudding,strawberry,0.1611
plum,star anise,0.1856
endive,fennel,0.2074
clove,mutton,0.3704
clove,molasses,0.2937
chive,roquefort cheese,0.1877
kombu,miso,0.3448
celery,wild rice,0.2175
champagne,vodka,0.2654
leek,truffle,0.1418
apple,apple brandy,0.2504
cheese,yellow zucchini,0.1805
brussels sprout,pomegranate,0.2091
black tea,orange,0.0935
endive,watercress,0.3306
lettuce,salad dressing,0.2253
pudding,rum,0.1342
guava,sugar,0.0546
bagel,ham,0.1220
garlic,plum wine,0.1174
orange,scotch whisky,0.1203
carom seed,salt,0.0841
cassia,turmeric,0.3292
coriander,sweetcorn,0.2681
banana,cherry brandy,0.0396
basil,sage,0.2004
fruit salad,sugar,0.0166
star anise,wine,0.1660
chervil,shallot,0.2691
bagel,cucumber,0.1306
cashew nut,ghee,0.3799
haddock,thyme,0.1188
buffalo,ketchup,0.0811
rosemary,sage,0.4100
avocado,tomato,0.2761
ketchup,vinegar,0.2718
coconut,condensed milk,0.2414
kefir,lemon,0.0613
bread,sausage,0.1734
onion,squab,0.0586
shrimp,striped bass,0.1518
pectin,sugar,0.1341
snail,white wine,0.1662
cider,thyme,0.1113
chayote,tomato,0.1071
jerusalem artichoke,leek,0.2304
beetroot,sweet potato,0.1359
carrot,parsnip,0.3552
eggplant,yellow zucchini,0.2475
coriander,curry leaf,0.2507
ravioli,white wine,0.1416
strawberry,strawberry jam,0.3113
mace,nutmeg,0.2919
mace,sage,0.2228
cinnamon,rose wine,0.0171
clam,scallop,0.3849
gin,sparkling wine,0.2018
clove,nutmeg,0.3765
carrot,rutabaga,0.2953
shallot,sorrel,0.1521
cake,marzipan,0.3109
catfish,cooking oil,0.1970
boysenberry,strawberry,0.1097
brandy,cherry brandy,0.1775
phyllo dough,pistachio,0.2581
crayfish,lemon,0.1475
candy bar,cream,0.1050
marjoram,parsley,0.1954
beetroot,dill,0.1981
lime,rose wine,0.1192
lamb,yogurt,0.2354
cranberry,orange,0.2782
peanut oil,plum wine,0.2608
chili,coriander,0.3296
green zucchini,tomato,0.0895
raspberry,scotch whisky,0.2031
banana,raisin bread,0.1244
red wine,thyme,0.2336
lamb,turnip,0.2577
adzuki bean,sweet potato,0.1335
ginger,nigella seed,0.1202
fruit preserve,strawberry,0.1461
carrot,crayfish,0.1119
potato,turnip,0.2485
chocolate,sour cherry,0.1853
shortening,vanilla,0.2584
nutmeg,quince,0.0955
provolone cheese,romano cheese,0.2413
apricot,fig,0.2512
green tea,strawberry,0.1504
cherry pepper,sausage,0.1712
macaroni,salad dressing,0.2115
sorrel,tarragon,0.2200
bread,ham,0.1916
jerusalem artichoke,turmeric,0.1691
chervil,chive,0.3571
cake,pudding,0.2636
apple,fruit juice,0.0697
cranberry,yam,0.1609
sake,squid,0.2557
cream,pheasant,0.1304
multigrain bread,swiss cheese,0.1765
boysenberry,brandy,0.1321
endive,shallot,0.1911
red currant,white bread,0.2314
honey,plum wine,0.1240
carrot,onion,0.2750
milk,potato bread,0.0118
black currant,sugar,0.0192
caviar,champagne,0.2404
banana,meringue,0.1284
cream,ravioli,0.1870
anchovy,olive,0.2702
cinnamon,flour,0.2304
dumpling,pepper,0.1232
ginger,molasses,0.2706
breadfruit,onion,0.0799
prickly pear,sugar,0.0670
dill,salmon,0.2629
cardamom,ghee,0.3899
cucumber,spearmint,0.1400
shrimp,squid,0.2946
jicama,radish,0.2693
papaya,pomegranate,0.2051
flour,whey,0.0210
onion,squirrel,0.0981
allspice,black tea,0.1425
mushroom,pate,0.1478
butter,fruit preserve,0.0418
gin,vodka,0.3303
vegetable juice,vodka,0.2148
lemon balm,mint,0.2552
mustard,relish,0.3307
buffalo,tomato,0.0358
brandy,brazil nut,0.1720
multigrain bread,provolone cheese,0.2209
endive,radish,0.1978
mushroom,onion,0.1868
shallot,tarragon,0.2555
cucumber,dill,0.2352
potato,sorrel,0.1023
cinnamon,clove,0.4102
ginger,mutton,0.2463
bread,camembert cheese,0.1214
orange,rose wine,0.2060
butter,vanilla,0.1919
lovage,potato,0.1371
catfish,peanut oil,0.1834
carrot,chayote,0.1549
rabbit,thyme,0.2173
allspice,fruit juice,0.1275
feta cheese,pita bread,0.2998
cream,gelatin,0.2290
green zucchini,spinach,0.1319
grouper,pepper,0.0029
apricot,raspberry,0.1939
onion,purslane,0.0124
shrimp,swordfish,0.2067
orange,quince,0.1013
miso,tea,0.1612
cherry brandy,gin,0.4356
turnip,yam,0.2060
brussels sprout,butternut squash,0.1780
cream cheese,pancake,0.0576
cardamom,coriander,0.3312
amaranth,salt,0.0104
basil,eggplant,0.2064
fig,honey,0.1874
apple,cinnamon,0.3460
chickpea,turmeric,0.2676
garlic,snail,0.1529
plum,plum brandy,0.4642
cucumber,hummus,0.3247
peanut,popcorn,0.2226
raspberry,rhubarb,0.1918
mace,marjoram,0.2236
cider,mace,0.3009
clam,crab,0.2816
green tea,lime,0.0999
leek,miso,0.2644
green zucchini,yellow zucchini,0.8028
cinnamon,sorghum,0.1212
grape,mandarin orange,0.2827
broccoli,capsicum,0.1915
parmesan cheese,spinach,0.1664
cardamom,saffron,0.3017
roquefort cheese,watercress,0.3384
lamb,saffron,0.2580
molasses,shortening,0.2603
eggplant,soybean,0.1143
corn oil,popcorn,0.1857
camembert cheese,walnut,0.0721
meatball,soup,0.2744
anise,flour,0.0954
trail mix,water,0.0018
berry,raspberry,0.1782
persimmon,raisin,0.1745
black tea,cardamom,0.2969
berry,grape,0.1668
cherry,cherry brandy,0.2632
almond,sorghum,0.1568
meatloaf,onion,0.0283
carrot,turnip,0.3493
cocoa,flour,0.1825
beer,catfish,0.1706
cream cheese,fruit preserve,0.1166
cucumber,yellow zucchini,0.0868
adzuki bean,oregano,0.0837
jalapeno,tortilla chip,0.2601
blueberry,peach,0.2409
lemon,spearmint,0.1051
blueberry,grape,0.2115
clove,mace,0.3892
apple,multigrain bread,0.1110
anise,vanilla,0.0288
apple,pear,0.2572
cinnamon,fruit juice,0.0792
orange,orange oil,0.2609
horseradish,relish,0.1854
cider,sausage,0.1392
kohlrabi,radish,0.2786
ghee,saffron,0.3554
cocoa powder,marzipan,0.1396
buffalo,mozzarella cheese,0.1281
cucumber,tomato,0.2623
cardamom,semolina,0.1817
mozzarella cheese,ravioli,0.1765
anise,coriander,0.2005
hummus,tortilla,0.2356
lovage,tomato,0.0544
lime,tostada,0.2264
melon,orange,0.1625
orange,pomegranate,0.1922
apple,waffle,0.0678
rice cake,water,0.0209
leek,potato,0.2159
bartlett pear,star anise,0.1818
green tea,sugar,0.0334
horseradish,salmon,0.1866
almond,anise,0.1458
beer,mexican oregano,0.2072
cassia,water,0.0348
mushroom,sweetcorn,0.1464
mushroom,pheasant,0.0793
parmesan cheese,pasta,0.2476
buttermilk,salt,0.1304
cherry brandy,nutmeg,0.0223
conch,onion,0.1063
cumin,mung bean,0.1595
broccoli,cauliflower,0.4111
albacore tuna,lettuce,0.1443
cherry tomato,striped bass,0.1564
mozzarella cheese,oregano,0.2531
lemon,rainbow trout,0.2032
jerusalem artichoke,shallot,0.1053
guava,pineapple,0.2460
lobster,squid,0.2698
oregano,pepper,0.1850
bagel,cream cheese,0.2022
fish,saffron,0.2568
bagel,hummus,0.2767
icing,strawberry jam,0.2116
sweet potato,turnip,0.2229
apple,nutmeg,0.2124
basil,swordfish,0.1104
blackberry,strawberry,0.3431
dumpling,thyme,0.1988
capsicum,cauliflower,0.1670
meringue,pie crust,0.1908
dumpling,garlic,0.0821
jicama,sesame,0.1872
thyme,truffle,0.1311
vermouth,vodka,0.1843
jalapeno,lime,0.3375
fish,lobster,0.2217
kumquat,mango,0.1665
clam,lobster,0.3629
pear,plum,0.2200
buffalo,mushroom,0.0666
lettuce,tortilla chip,0.3094
guava,strawberry,0.1221
currant,wild rice,0.2060
sorghum,water,0.0089
oregano,rosemary,0.2694
cashew nut,saffron,0.2265
strawberry,waffle,0.0989
currant,mace,0.3990
macadamia nut,papaya,0.2353
spinach,tofu,0.1920
ketchup,mustard,0.3615
candy bar,marshmallow,0.2485
currant,fig,0.2640
chive,snail,0.1885
crab,fish,0.2270
adzuki bean,onion,0.0216
barley,wild rice,0.2326
ginger,sorghum,0.1650
chickpea,couscous,0.3527
caviar,shallot,0.2027
quince,red wine,0.1451
black currant,red currant,0.5642
ginger,green tea,0.0397
cinnamon,walnut,0.2277
ketchup,relish,0.2050
crab,shrimp,0.2528
apple,cider,0.2402
raspberry,strawberry,0.3859
mushroom,summer savory,0.0660
pigeon pea,turmeric,0.1795
shrimp,vermouth,0.1395
sage,thyme,0.4387
bartlett pear,brandy,0.1681
fruit juice,raisin,0.1104
catfish,lemon,0.0737
lemon verbena,sugar,0.0421
blueberry,strawberry,0.4025
blackberry,raspberry,0.5032
jerusalem artichoke,sweet potato,0.1123
lemon,orange roughy,0.1195
miso,tofu,0.3474
shallot,striped bass,0.1431
raisin bread,vanilla,0.1274
ice cream cone,milk,0.0429
salmon,scallop,0.2022
spelt,walnut,0.1236
parsnip,turnip,0.5240
caviar,dill,0.2224
flour,salt,0.1676
cinnamon,raisin,0.3393
chocolate,marzipan,0.2052
pancake,strawberry,0.1375
ginger,mung bean,0.1766
arrowroot,millet,0.2366
carrot,kelp,0.0876
cream cheese,waffle,0.0632
cherry,red currant,0.3623
cumin,yellow zucchini,0.0984
blackberry,blueberry,0.4237
avocado,lettuce,0.2841
cranberry,tangerine,0.2222
nutmeg,raisin bread,0.1732
couscous,saffron,0.2445
butter,pate,0.0141
cherry tomato,cucumber,0.2407
ice cream cone,strawberry,0.1117
sour cherry,sugar,0.1248
butter,rainbow trout,0.0395
brussels sprout,shallot,0.1891
corn chip,tamale,0.4103
ricotta cheese,romano cheese,0.2786
ginger,plum wine,0.1765
fennel,saffron,0.2580
radish,watercress,0.2730
potato,spearmint,0.0792
ginger,red rice,0.1921
apricot,pistachio,0.2114
couscous,mint,0.2271
biscuit,cornbread,0.3557
chickpea,winter squash,0.1472
apple cider vinegar,pectin,0.1233
cardamom,clove,0.4018
black tea,cinnamon,0.0780
allspice,molasses,0.2455
capsicum,cooking oil,0.1600
margarine,vanilla,0.1966
celery,soybean oil,0.0515
allspice,raisin,0.2411
cucumber,vinegar,0.2157
anise,lemon,0.0507
cheese,meatloaf,0.1524
mango,melon,0.2319
cinnamon,vanilla,0.2797
rose wine,strawberry,0.1718
camembert cheese,shallot,0.1231
hamburger,sausage,0.2086
salmon,wasabi,0.2737
blueberry,soy yogurt,0.1532
chayote,ginger,0.1108
lemon,rose wine,0.1271
chestnut,port wine,0.2259
bartlett pear,cranberry,0.1752
basil,parmesan cheese,0.2222
endive,pear,0.2042
milk,pancake,0.0373
blueberry,fruit juice,0.1117
bread,cheese,0.1874
banana,grape,0.2037
cooking oil,curry leaf,0.2347
lettuce,pita bread,0.2486
cherry tomato,feta cheese,0.2668
cream,meringue,0.2024
lingonberry,shallot,0.1158
miso,soybean,0.2463
grouper,shrimp,0.1907
milk,raisin bread,0.1026
carrot,conch,0.1201
burrito,cheese,0.2165
madeira wine,mushroom,0.1900
pie crust,pudding,0.1338
cherry brandy,rum,0.1843
bulgur,mint,0.2575
red currant,strawberry,0.2918
brazil nut,rum,0.1672
carrot,green zucchini,0.1117
curry leaf,semolina,0.2798
quince,star anise,0.2489
adzuki bean,water,0.1019
cassia,curry leaf,0.4475
onion,red rice,0.0347
nigella seed,potato,0.1315
boysenberry,sugar,0.1063
grape,strawberry,0.2801
epazote,jalapeno,0.2234
comte cheese,parmesan cheese,0.0608
endive,roquefort cheese,0.3677
apple brandy,walnut,0.0548
coriander,mint,0.2528
fig,grape,0.2383
carrot,celery,0.4301
basil,thyme,0.3498
parsley,white wine,0.1937
apple brandy,gin,0.2457
lemon balm,sugar,0.0399
hummus,pita bread,0.4282
agave,cocoa powder,0.1876
melon,pear,0.2296
capsicum,rice,0.1689
ginger,soybean oil,0.1002
anise,nutmeg,0.0670
cumin,turmeric,0.3184
grape,orange,0.2179
pepper,summer savory,0.0980
shallot,vermouth,0.1351
multigrain bread,shallot,0.0414
mandarin orange,poppy seed,0.2179
pate,shallot,0.1454
chickpea,pita bread,0.2812
mutton,yogurt,0.2724
rye bread,swiss cheese,0.4422
salt,squab,0.0018
cardoon,lemon,0.2538
chili,prawn,0.2994
cider,sage,0.1432
shallot,snail,0.2493
parsley,rainbow trout,0.0724
marjoram,tarragon,0.2411
kale,quinoa,0.2633
cocoa,sour cherry,0.1287
pepper,pheasant,0.0548
chestnut,turkey,0.1928
chicken,rice,0.1893
allspice,mace,0.3643
deer,red wine,0.2641
leek,turnip,0.3305
peanut oil,quail,0.1475
guava,honey,0.0842
salt,whey,0.0299
mace,wine,0.1631
catfish,potato,0.0733
salt,shortening,0.1592
salt,squirrel,0.0594
clam,haddock,0.2564
artichoke,white wine,0.1952
beef,sake,0.2513
crab,scallop,0.2458
pear,roquefort cheese,0.2574
clam,potato,0.2144
blueberry,boysenberry,0.1782
amaranth,walnut,0.0955
avocado,tortilla,0.2364
cake,icing,0.3469
cream cheese,scotch whisky,0.0159
cabbage,capsicum,0.2368
champagne,gin,0.2879
ginger,nutmeg,0.2155
red raspberry,strawberry,0.1875
sake,tea,0.1806
buffalo,cheese,0.1351
coriander,cumin,0.4485
agar,arrowroot,0.3885
carrot,soybean oil,0.0373
celery,pink salmon,0.1013
catfish,garlic,0.0770
mozzarella cheese,romano cheese,0.2597
basmati rice,clove,0.2790
pepper,squirrel,0.0969
plum wine,shallot,0.1271
cornbread,sausage,0.1950
lemon,scotch whisky,0.0562
cardamom,mace,0.3041
almond,boysenberry,0.1308
basil,mozzarella cheese,0.2530
orange oil,salt,0.0160
raisin,raisin bread,0.1517
persimmon,sugar,0.0476
meringue,strawberry,0.2050
blue cheese,endive,0.2411
brazil nut,raisin,0.1853
pomegranate,port wine,0.2093
saffron,soup,0.1597
celery,pheasant,0.1347
parsnip,winter squash,0.1870
macadamia nut,pineapple,0.2289
basmati rice,mung bean,0.2623
cauliflower,turmeric,0.2574
camembert cheese,white wine,0.1249
butter,pheasant,0.0431
angelica,honey,0.1145
grapefruit,pomegranate,0.2790
madeira wine,oyster mushroom,0.2444
okra,yam,0.1954
avocado,bagel,0.1437
okra,shrimp,0.2592
radish,tostada,0.3060
shortening,sugar,0.1530
conch,lemon,0.0745
banana,waffle,0.1486
persimmon,salt,0.0196
allspice,pumpkin,0.2599
squirrel,water,0.0757
pistachio,pomegranate,0.2165
rabbit,wine,0.2236
jicama,tangerine,0.2182
onion,tomato,0.1964
mushroom,soybean,0.0835
canola oil,sorghum,0.1128
candy bar,peanut butter,0.1983
ham,multigrain bread,0.1402
catfish,shallot,0.0725
shallot,truffle,0.2274
rabbit,red wine,0.2203
cumin,tortilla,0.2326
cashew nut,water chestnut,0.2295
black currant,milk,0.0012
peppermint,sugar,0.0288
clam,oyster,0.2524
milk,pawpaw,0.0480
butter,flour,0.2424
marjoram,rosemary,0.3526
fig,port wine,0.2602
oyster mushroom,shallot,0.2353
mustard,vinegar,0.2804
almond,apricot,0.1991
striped bass,white wine,0.1188
cumin,jalapeno,0.2952
chervil,sorrel,0.3233
parmesan cheese,rapini,0.0762
kohlrabi,parsley,0.1257
mushroom,red wine,0.2006
snail,tomato,0.0700
lettuce,tomato,0.3386
truffle,white wine,0.1499
blackberry,red raspberry,0.3220
brussels sprout,rutabaga,0.1918
almond,quince,0.1190
rice,soybean,0.1531
persimmon,walnut,0.1988
corn oil,epazote,0.2994
chicken,dumpling,0.2042
rutabaga,sweet potato,0.2406
coriander,ginger,0.2611
cardamom,nutmeg,0.2206
potato,rutabaga,0.2394
millet,quinoa,0.2698
anise,cumin,0.1134
cornbread,turkey,0.2630
chive,sorrel,0.2430
hamburger,macaroni,0.2147
apple brandy,nutmeg,0.1120
rose wine,shallot,0.0435
eggplant,green zucchini,0.2298
peppermint,water,0.0098
blue cheese,pear,0.2475
garlic,orange roughy,0.0702
dumpling,potato,0.1238
nutmeg,persimmon,0.0993
haddock,shrimp,0.2182
epazote,lime,0.2151
mango,pineapple,0.3697
haddock,scallop,0.3435
green tea,orange,0.0690
celery,parsley,0.1925
pigeon pea,rice,0.3118
cinnamon,pumpkin,0.2979
black currant,blackberry,0.2911
guava,water,0.0561
albacore tuna,celery,0.1958
chayote,jalapeno,0.1730
cranberry,port wine,0.2052
lobster,tarragon,0.2828
peach,sour cherry,0.1274
parsley,scotch whisky,0.0474
camembert cheese,leek,0.0700
beef,pork,0.2459
purslane,water,0.0037
honey,teff,0.1592
biscuit,condensed milk,0.2565
peach,raspberry,0.2748
oregano,thyme,0.3532
ginger,miso,0.2725
basil,pepper,0.1560
cornbread,oyster,0.2887
onion,pepper,0.2116
canola oil,striped bass,0.1270
avocado,epazote,0.2271
coriander,mung bean,0.1879
fruit preserve,honey,0.0443
apple,grape,0.2861
cinnamon,soy yogurt,0.1230
parsnip,rutabaga,0.5254
kefir,vanilla,0.0291
cassia,clove,0.3621
crab,oyster,0.2440
cottage cheese,phyllo dough,0.1818
butter,evaporated milk,0.1211
cheddar cheese,macaroni,0.2271
albacore tuna,cheddar cheese,0.1019
meatloaf,parmesan cheese,0.0320
amaranth,millet,0.5036
crab,lobster,0.2656
butter,fudge,0.0183
mushroom,wild rice,0.2069
feta cheese,phyllo dough,0.3244
rabbit,white wine,0.2002
allspice,currant,0.2717
cherry pepper,white wine,0.1513
gelatin,meringue,0.2680
pie crust,rhubarb,0.2010
almond,fig,0.1800
asparagus,ravioli,0.1602
turnip,winter squash,0.3006
banana,pectin,0.0220
marjoram,oregano,0.2982
honey,pate,0.0174
cocoa,vanilla,0.3597
jerusalem artichoke,parsnip,0.2522
anise,clove,0.2617
chestnut,rum,0.2134
basil,yellow zucchini,0.1310
ginger,soybean,0.1502
brandy,orange,0.2261
fennel,swordfish,0.2803
chicken,rose wine,0.0894
cucumber,radish,0.3373
honey,pancake,0.0598
celery,raisin bread,0.0553
hot dog,relish,0.3388
fennel,lobster,0.2535
brussels sprout,parsnip,0.2463
raisin,soy yogurt,0.0616
banana,strawberry,0.2653
adzuki bean,salt,0.0063
anise,cinnamon,0.1241
purslane,salt,0.0224
clove,quince,0.1705
scallop,shrimp,0.3990
grape,peach,0.2296
basil,tarragon,0.2092
chicken,saffron,0.1686
milk,pudding,0.1395
basil,tomato,0.1988
brandy,truffle,0.1718
peach,plum,0.3166
cherry brandy,sour cherry,0.4094
bartlett pear,pear brandy,0.4373
curry leaf,turmeric,0.4486
ice cream cone,marshmallow,0.2484
millet,wheat,0.3043
soy yogurt,walnut,0.0916
carrot,lovage,0.1057
black currant,strawberry,0.2020
kohlrabi,leek,0.1616
cardamom,ginger,0.2680
catfish,shrimp,0.1446
black tea,clove,0.2491
shallot,turbot,0.2118
brandy,kumquat,0.1291
lobster,saffron,0.2953
shallot,swordfish,0.1122
almond,marzipan,0.2121
cranberry,pear,0.1822
pomegranate,watercress,0.2232
arrowroot,plum,0.1908
madeira wine,shallot,0.2604
chestnut,wild rice,0.2412
pectin,plum,0.2578
orange roughy,parmesan cheese,0.0685
cheddar cheese,multigrain bread,0.0963
albacore tuna,cherry tomato,0.1617
marjoram,sage,0.4009
coriander,turmeric,0.4185
pectin,water,0.0694
cream,haddock,0.1217
honey,kumquat,0.1082
dumpling,water,0.0711
artichoke,lobster,0.1816
carrot,soybean,0.1133
cider,nutmeg,0.1367
saffron,squid,0.2961
lemon verbena,water,0.0687
purslane,tomato,0.1408
sake,soybean,0.1663
basmati rice,curry leaf,0.2874
parsley,spearmint,0.1340
carrot,dumpling,0.1805
fruit juice,peach,0.1565
swiss cheese,waffle,0.1417
albacore tuna,bread,0.1300
carrot,jerusalem artichoke,0.0685
carrot,snail,0.0187
parsnip,sweet potato,0.2969
peach,red raspberry,0.1903
cheddar cheese,tortilla,0.2252
grapefruit,orange,0.3579
brandy,marzipan,0.1762
lime,mango,0.3003
mushroom,truffle,0.1812
pheasant,red wine,0.1822
camembert cheese,white pepper,0.0733
anise,salt,0.0222
honey,persimmon,0.0940
agar,water,0.0792
clove,raisin,0.2728
bartlett pear,blue cheese,0.1726
banana,melon,0.1459
coriander,prawn,0.2609
cabbage,kohlrabi,0.1714
parsley,rose wine,0.0606
curry leaf,prawn,0.2518
bagel,swiss cheese,0.1008
agar,milk,0.0163
cocoa powder,soy yogurt,0.1247
saffron,scallop,0.2549
apple,walnut,0.2092
star anise,tea,0.1949
flour,squirrel,0.0967
ghee,turmeric,0.4017
thyme,winter savory,0.2285
champagne,pear brandy,0.3500
cheddar cheese,tamale,0.1416
cherry,grape,0.1975
banana,soy yogurt,0.1871
almond,pistachio,0.2403
black raspberry,sugar,0.0864
bread,meatloaf,0.2035
apple,raisin bread,0.1998
blackberry,plum,0.2400
anise,honey,0.0923
cinnamon,raisin bread,0.1714
mushroom,scotch whisky,0.0731
leek,lovage,0.1602
brandy,wine,0.1438
banana,spirulina,0.2146
soybean,vinegar,0.0774
mushroom,yellow zucchini,0.1143
fruit juice,gelatin,0.2029
honey,lemon balm,0.0775
basmati rice,mutton,0.3773
comte cheese,milk,0.0217
quince,water,0.0958
tarragon,vermouth,0.1539
oyster,scallop,0.2516
apricot,peach,0.2357
beetroot,hazelnut,0.1454
black currant,water,0.0194
capsicum,mushroom,0.1680
banana,dulce de leche,0.1626
gooseberry,water,0.0394
grape,pineapple,0.2860
hot dog,mustard,0.2960
red currant,sugar,0.0750
lemon,lemon verbena,0.1157
fruit juice,strawberry,0.1018
grapefruit,tangerine,0.3704
red wine,truffle,0.1497
corn chip,lettuce,0.3136
bulgur,cucumber,0.2108
sake,sesame,0.1734
dumpling,turnip,0.2478
cinnamon,persimmon,0.1429
cabbage,cassava,0.2356
cucumber,feta cheese,0.3066
potato,summer savory,0.1395
kombu,sake,0.4387
jicama,mango,0.3000
port wine,quail,0.2545
barley,carrot,0.2575
carrot,rice cake,0.0511
honey,waffle,0.0578
allspice,clove,0.4433
raisin,walnut,0.2964
red wine,sour cherry,0.1214
clam,saffron,0.3226
guava,lime,0.1641
agave,almond,0.1773
endive,gruyere cheese,0.2125
peanut oil,water chestnut,0.2550
carrot,summer savory,0.1128
basmati rice,cashew nut,0.3000
ginger,sake,0.3816
currant,fruit juice,0.2151
flour,vanilla,0.2936
pepper,salt,0.2550
melon,vodka,0.1286
onion,turmeric,0.1821
broccoli,soybean,0.1333
tarragon,thyme,0.2668
pear brandy,sugar,0.0304
carrot,pheasant,0.1156
ketchup,meatloaf,0.1805
agave,apple cider vinegar,0.1708
honey,peppermint,0.0257
condensed milk,gelatin,0.2355
gin,vermouth,0.3628
nutmeg,raisin,0.2485
chayote,onion,0.0711
apricot,plum,0.3166
beetroot,parsnip,0.2173
celery,conch,0.1494
raisin bread,sugar,0.0064
caviar,chive,0.3608
cinnamon,nutmeg,0.4717
angelica,clove,0.2742
lemon,swordfish,0.1092
chive,parsley,0.1979
rabbit,rosemary,0.3074
parsley,sorrel,0.1226
ghee,yogurt,0.2680
ghee,semolina,0.3743
boysenberry,margarine,0.1008
candy bar,peanut,0.1941
soy yogurt,strawberry,0.0967
avocado,tostada,0.3500
mustard,sweetcorn,0.1410
ghee,lamb,0.3209
lettuce,tortilla,0.2729
brazil nut,hazelnut,0.2876
lime,striped bass,0.1361
sparkling wine,vodka,0.2479
angelica,butter,0.0161
cinnamon,sour cherry,0.0828
parsley,pepper,0.1777
lemon,pectin,0.0288
miso,sake,0.5068
rose wine,vodka,0.1718
coffee,tea,0.1618
butter,crayfish,0.0350
broccoli,sweetcorn,0.1569
ghee,mutton,0.4293
butter,orange roughy,0.0118
truffle,white pepper,0.1650
honey,kefir,0.1475
lovage,shallot,0.1067
candy bar,chocolate,0.1669
biscuit,gelatin,0.2437
crayfish,water,0.0485
cider,clove,0.2120
rhubarb,strawberry,0.3388
barley,wheat,0.1848
meat,sake,0.2844
kelp,water,0.0647
grape,plum,0.2401
parsley,striped bass,0.1441
nigella seed,turmeric,0.2189
cucumber,pita bread,0.3202
nutmeg,snail,0.0929
chive,jerusalem artichoke,0.1391
anise,butter,0.0077
snail,walnut,0.0824
cassia,tomato,0.0976
brussels sprout,winter squash,0.1788
carom seed,potato,0.1423
mozzarella cheese,parmesan cheese,0.3877
curry leaf,nigella seed,0.2913
boysenberry,gelatin,0.1730
butter,gooseberry,0.0094
red wine,rosemary,0.2350
pheasant,thyme,0.1524
haddock,leek,0.1483
nigella seed,yogurt,0.1861
soybean oil,water,0.0336
sorrel,spinach,0.1430
mushroom,spinach,0.1854
cinnamon,orange oil,0.0451
kombu,wasabi,0.2945
pistachio,semolina,0.2901
coconut,pudding,0.1372
boysenberry,raspberry,0.1874
currant,raisin,0.2845
flour,gooseberry,0.0107
buffalo,lettuce,0.1703
ice cream,meringue,0.2715
dumpling,parsley,0.0969
apple,cranberry,0.2409
banana,fruit juice,0.1752
chestnut,oyster mushroom,0.2510
chive,lovage,0.2162
apple,soy yogurt,0.0659
acorn,onion,0.0255
cherry tomato,soybean,0.0749
quince,saffron,0.2487
ghee,pistachio,0.3019
beetroot,pomegranate,0.3172
brussels sprout,kale,0.1772
milk,peppermint,0.0100
beetroot,vinegar,0.1393
tangerine,watercress,0.1977
parsley,tarragon,0.2420
cassava,water,0.0550
scallop,wine,0.1374
coconut,vanilla,0.2217
cherry tomato,sweetcorn,0.1421
mung bean,rice,0.1649
cashew nut,curry leaf,0.2780
onion,rapini,0.0393
black currant,raspberry,0.3106
cinnamon,pectin,0.0388
pineapple,strawberry,0.2281
apple,melon,0.1418
curry leaf,tomato,0.1986
mozzarella cheese,ricotta cheese,0.4715
flour,milk,0.2147
butternut squash,turnip,0.2258
cocoa powder,coffee,0.2622
banana,kefir,0.2214
cocoa,margarine,0.1855
lettuce,tostada,0.3653
pepper,sage,0.1601
avocado,grapefruit,0.2069
feta cheese,spinach,0.2228
canola oil,soy yogurt,0.1430
fruit juice,nutmeg,0.0796
chive,truffle,0.2253
apple brandy,orange,0.1162
kohlrabi,parsnip,0.3125
abalone,water,0.0526
rye bread,wheat,0.2002
cranberry,kumquat,0.1772
lime,pigeon pea,0.1191
bagel,provolone cheese,0.1616
pear,pear brandy,0.3995
conch,potato,0.1936
parsnip,yam,0.2298
couscous,turmeric,0.2401
okra,oyster,0.2787
lime,melon,0.1224
chervil,lobster,0.3022
celery,chicken,0.1661
miso,sesame,0.2471
blue cheese,vermouth,0.1106
camembert cheese,chive,0.0884
orange oil,water,0.0149
parmesan cheese,ravioli,0.2265
caviar,lobster,0.2804
mung bean,water,0.1126
ghee,mung bean,0.3905
mint,tea,0.1601
artichoke,tarragon,0.1952
clove,persimmon,0.1781
haddock,lobster,0.3160
clam,parsley,0.1975
pasta,romano cheese,0.1833
green tea,lemon,0.0652
canola oil,chayote,0.0882
buffalo,parsley,0.0296
horseradish,rye bread,0.2345
ricotta cheese,semolina,0.1688
black tea,star anise,0.2789
curry leaf,ginger,0.2850
summer savory,turmeric,0.1479
honey,multigrain bread,0.0618
butternut squash,sage,0.2241
blue cheese,buffalo,0.3263
cardamom,turmeric,0.3043
meatloaf,tomato,0.0689
brussels sprout,turnip,0.1846
chive,tarragon,0.3299
cardamom,cashew nut,0.2282
melon,papaya,0.3423
spelt,water,0.0495
lemon,lovage,0.0558
avocado,lime,0.3461
raspberry,red currant,0.4131
beetroot,chili,0.1595
chervil,tarragon,0.4304
dumpling,onion,0.0889
conch,lime,0.1804
cider,orange,0.1171
chili,sweetcorn,0.2382
brandy,sparkling wine,0.2036
rutabaga,turnip,0.5177
agave,pineapple,0.1629
butter,trail mix,0.0046
nutmeg,pumpkin,0.2951
black tea,nutmeg,0.0620
scallop,squid,0.3452
cucumber,pink salmon,0.0849
ginger,pumpkin,0.2473
peach,rose wine,0.2545
apple cider vinegar,sorghum,0.2204
apple cider vinegar,ketchup,0.2866
okra,tomato,0.2117
prawn,scallop,0.2965
blackberry,pectin,0.2178
evaporated milk,pumpkin,0.2807
cardamom,curry leaf,0.2529
meat,tortilla,0.1548
couscous,pomegranate,0.1674
cheese,sausage,0.2021
coriander,lamb,0.2304
shallot,squab,0.2433
onion,pigeon pea,0.1212
onion,tamale,0.0623
marshmallow,yam,0.2149
brandy,currant,0.3032
honey,sorghum,0.0744
potato bread,tomato,0.0754
mango,papaya,0.4712
sweetcorn,turmeric,0.1431
buffalo,cream cheese,0.1045
amaranth,raisin,0.1084
anise,water,0.0262
guava,orange,0.1489
quince,sugar,0.0980
capsicum,coriander,0.1937
apple,persimmon,0.0615
chocolate,coffee,0.2537
beef,red wine,0.2468
meat,okra,0.1722
gooseberry,lemon,0.0614
bread,sage,0.1796
brandy,cider,0.1511
curry leaf,mustard oil,0.2870
fruit preserve,milk,0.0425
orange,tangerine,0.1954
nutmeg,pate,0.0615
basmati rice,ghee,0.4291
lime,orange,0.2355
cheddar cheese,corn chip,0.2521
sage,wine,0.1336
fruit preserve,raspberry,0.2305
oregano,parsley,0.2197
bread,cornbread,0.1802
jerusalem artichoke,potato,0.0889
coconut,curry leaf,0.3027
butternut squash,sweet potato,0.1919
butternut squash,parsnip,0.3022
peach,pear,0.2191
green tea,water,0.0386
celery,summer savory,0.1129
kefir,strawberry,0.1769
olive,vermouth,0.1087
macaroni,relish,0.1732
albacore tuna,avocado,0.0755
cheese,tortilla chip,0.2090
quail,shallot,0.1982
cinnamon,pancake,0.0530
kohlrabi,turnip,0.2889
kumquat,orange,0.1556
cheddar cheese,sweetcorn,0.1725
avocado,tortilla chip,0.3175
marshmallow,popcorn,0.1859
honey,scotch whisky,0.0910
kumquat,pineapple,0.1850
buffalo,pepper,0.0272
rose wine,sugar,0.0374
gin,syrup,0.2386
leek,rice cake,0.1715
green tea,honey,0.1301
multigrain bread,walnut,0.0347
cream,pate,0.1699
buttermilk,sour cherry,0.0862
ghee,nigella seed,0.2623
lovage,pepper,0.0354
butternut squash,rutabaga,0.2422
adzuki bean,tomato,0.0072
asparagus,vermouth,0.1056
melon,peach,0.1586
pork,yam,0.1381
blueberry,red currant,0.2730
leek,rutabaga,0.2326
cherry tomato,haddock,0.0961
almond,ghee,0.2261
amaranth,honey,0.1299
quinoa,winter squash,0.1504
canola oil,kohlrabi,0.0735
rice,saffron,0.2549
butter,filbert,0.0650
jerusalem artichoke,thyme,0.1459
green tea,mango,0.1411
peach,pectin,0.1806
cassava,evaporated milk,0.2096
barley,rutabaga,0.2272
lobster,shrimp,0.2548
flour,lingonberry,0.0860
comte cheese,nutmeg,0.1952
buffalo,cheddar cheese,0.1435
bartlett pear,hazelnut,0.2421
avocado,wasabi,0.2878
clam,prawn,0.2768
chocolate,cocoa butter,0.2868
cider,pork,0.1476
basil,soybean,0.0840
fig,goat cheese,0.2279
cornbread,white bread,0.2253
ham,waffle,0.1451
avocado,jalapeno,0.2900
onion,summer savory,0.0987
parsley,pink salmon,0.0839
beetroot,horseradish,0.1636
fruit preserve,shortening,0.1352
sage,summer savory,0.2239
chocolate,cocoa powder,0.3173
barley,turnip,0.2446
jicama,pomegranate,0.1964
scallop,vermouth,0.2052
bagel,lettuce,0.1524
celery,potato bread,0.1161
pancake,vanilla,0.0200
banana,green tea,0.0591
honey,soybean oil,0.0358
lingonberry,sugar,0.1019
cardamom,pistachio,0.2460
basil,pasta,0.2086
flour,pheasant,0.0762
multigrain bread,tomato,0.1345
lemon verbena,peach,0.2428
fruit juice,rum,0.1664
apple,raisin,0.2780
chive,rainbow trout,0.1619
sesame,wonton wrapper,0.2014
hamburger,ketchup,0.2262
caviar,oyster,0.2731
butter,walleye,0.0798
cassava,salt,0.0338
cherry,plum,0.2804